event_type,frame_num,elapsed_us,calculated_timestamp_ms,actual_timestamp_ms,data_size_bytes,fps,audio_samples_total,video_packets_received,audio_packets_received,sequence_errors
video,0,1443,6385631,6385625,368640,59.826,0,13939,970,0
video,0,17146,6385648,6385641,368640,59.826,0,13994,974,0
video,0,33061,6385664,6385657,368640,59.826,0,14053,978,0
video,0,49813,6385681,6385674,368640,59.826,0,14114,982,0
video,0,66411,6385698,6385690,368640,59.826,0,14175,986,0
video,0,83163,6385715,6385707,368640,59.826,0,14233,990,0
video,0,99955,6385731,6385724,368640,59.826,0,14293,994,0
video,0,116770,6385748,6385741,368640,59.826,0,14354,998,0
video,0,132649,6385765,6385757,368640,59.826,0,14413,1003,0
video,0,150558,6385781,6385775,368640,59.826,0,14477,1007,0
video,0,167498,6385798,6385792,368640,59.826,0,14537,1011,0
video,0,183335,6385815,6385807,368640,59.826,0,14594,1015,0
video,0,200116,6385832,6385824,368640,59.826,0,14655,1019,0
video,0,217930,6385848,6385842,368640,59.826,0,14719,1024,0
video,0,234744,6385865,6385859,368640,59.826,0,14780,1028,0
video,0,250460,6385882,6385874,368640,59.826,0,14833,1032,0
video,0,267244,6385898,6385891,368640,59.826,0,14894,1036,0
video,0,284607,6385915,6385909,368640,59.826,0,14955,1041,0
video,0,300963,6385932,6385925,368640,59.826,0,15017,1044,0
video,0,318230,6385949,6385942,368640,59.826,0,15080,1049,0
video,0,334260,6385965,6385958,368640,59.826,0,15133,1053,0
video,0,350457,6385982,6385974,368640,59.826,0,15193,1057,0
video,0,368041,6385999,6385992,368640,59.826,0,15254,1061,0
video,0,384090,6386015,6386008,368640,59.826,0,15313,1065,0
video,0,401418,6386032,6386025,368640,59.826,0,15377,1070,0
video,0,418769,6386049,6386043,368640,59.826,0,15440,1074,0
video,0,435069,6386066,6386059,368640,59.826,0,15498,1078,0
video,0,451350,6386082,6386075,368640,59.826,0,15555,1082,0
video,0,467705,6386099,6386092,368640,59.826,0,15613,1086,0
video,0,485191,6386116,6386109,368640,59.826,0,15675,1091,0
video,0,501565,6386132,6386126,368640,59.826,0,15736,1095,0
video,0,518115,6386149,6386142,368640,59.826,0,15794,1099,0
video,0,534567,6386166,6386159,368640,59.826,0,15853,1103,0
video,0,552052,6386182,6386176,368640,59.826,0,15919,1107,0
video,0,568059,6386199,6386192,368640,59.826,0,15976,1111,0
video,0,584354,6386216,6386208,368640,59.826,0,16033,1115,0
video,0,602149,6386233,6386226,368640,59.826,0,16097,1120,0
video,0,618521,6386249,6386243,368640,59.826,0,16156,1124,0
video,0,634780,6386266,6386259,368640,59.826,0,16213,1128,0
video,0,650860,6386283,6386275,368640,59.826,0,16273,1132,0
video,0,669408,6386299,6386293,368640,59.826,0,16339,1137,0
video,0,684728,6386316,6386309,368640,59.826,0,16393,1140,0
audio,0,696412,6386331,6386320,768,59.826,192,16431,1143,0
audio,0,697708,6386347,6386322,768,59.826,384,16437,1144,0
audio,0,702193,6386363,6386326,768,59.826,576,16449,1145,0
audio,0,705563,6386379,6386330,768,59.826,768,16463,1146,0
audio,0,710054,6386395,6386334,768,59.826,960,16481,1147,0
audio,0,713591,6386411,6386338,768,59.826,1152,16495,1148,0
video,0,718549,6386350,6386343,368640,59.826,1152,16508,1149,0
video,1,719387,6386315,6386343,276480,59.826,1152,16513,1149,0
audio,0,719529,6386427,6386344,768,59.826,1344,16513,1149,0
audio,0,721764,6386443,6386346,768,59.826,1536,16522,1150,0
audio,0,726369,6386459,6386350,768,59.826,1728,16541,1151,0
audio,0,730791,6386475,6386355,768,59.826,1920,16559,1152,0
video,1,734608,6386366,6386359,368640,59.826,1920,16568,1153,0
video,2,735555,6386331,6386360,276480,59.826,1920,16571,1153,0
audio,0,735728,6386491,6386360,768,59.826,2112,16571,1153,0
audio,0,738044,6386507,6386362,768,59.826,2304,16579,1154,0
audio,0,742678,6386523,6386367,768,59.826,2496,16598,1155,0
audio,0,746211,6386539,6386370,768,59.826,2688,16612,1156,0
audio,0,750727,6386555,6386375,768,59.826,2880,16628,1157,0
video,2,752276,6386383,6386376,368640,59.826,2880,16628,1157,0
video,3,753149,6386348,6386377,276480,59.826,2880,16633,1157,0
audio,0,754442,6386571,6386378,768,59.826,3072,16638,1158,0
audio,0,757900,6386587,6386382,768,59.826,3264,16652,1159,0
audio,0,762502,6386603,6386387,768,59.826,3456,16670,1160,0
audio,0,765931,6386619,6386390,768,59.826,3648,16684,1161,0
video,3,768696,6386400,6386393,368640,59.826,3648,16688,1161,0
video,4,769591,6386365,6386394,276480,59.826,3648,16691,1162,0
audio,0,769708,6386635,6386394,768,59.826,3840,16691,1162,0
audio,0,774236,6386651,6386398,768,59.826,4032,16709,1163,0
audio,0,777740,6386667,6386402,768,59.826,4224,16723,1164,0
audio,0,782303,6386683,6386406,768,59.826,4416,16741,1165,0
video,4,786158,6386416,6386410,368640,59.826,4416,16753,1166,0
video,5,787089,6386381,6386411,276480,59.826,4416,16758,1166,0
audio,0,787218,6386699,6386411,768,59.826,4608,16758,1166,0
audio,0,789489,6386715,6386414,768,59.826,4800,16767,1167,0
audio,0,794039,6386731,6386418,768,59.826,4992,16782,1168,0
audio,0,797437,6386747,6386421,768,59.826,5184,16795,1169,0
video,5,802246,6386433,6386426,368640,59.826,5184,16811,1170,0
video,6,803171,6386398,6386427,276480,59.826,5184,16811,1170,0
audio,0,803304,6386763,6386427,768,59.826,5376,16811,1170,0
audio,0,806653,6386779,6386431,768,59.826,5568,16825,1171,0
audio,0,810264,6386795,6386434,768,59.826,5760,16840,1172,0
audio,0,814743,6386811,6386439,768,59.826,5952,16858,1173,0
video,6,819817,6386450,6386444,368640,59.826,5952,16875,1174,0
video,7,820930,6386415,6386445,276480,59.826,5952,16879,1174,0
audio,0,821121,6386827,6386445,768,59.826,6144,16879,1174,0
audio,0,822319,6386843,6386446,768,59.826,6336,16884,1175,0
audio,0,826853,6386859,6386451,768,59.826,6528,16902,1176,0
audio,0,830308,6386875,6386454,768,59.826,6720,16916,1177,0
audio,0,834764,6386891,6386459,768,59.826,6912,16928,1178,0
video,7,836428,6386467,6386460,368640,59.826,6912,16933,1178,0
video,8,837367,6386432,6386461,276480,59.826,6912,16937,1178,0
audio,0,838620,6386907,6386463,768,59.826,7104,16942,1179,0
audio,0,842108,6386923,6386466,768,59.826,7296,16955,1180,0
audio,0,846656,6386939,6386471,768,59.826,7488,16974,1181,0
video,8,852727,6386483,6386477,368640,59.826,7488,16990,1182,0
video,9,853755,6386448,6386478,276480,59.826,7488,16995,1183,0
audio,0,853883,6386955,6386478,768,59.826,7680,16995,1183,0
audio,0,853983,6386971,6386478,768,59.826,7872,16995,1183,0
audio,0,858613,6386987,6386483,768,59.826,8064,17013,1184,0
audio,0,863330,6387003,6386487,768,59.826,8256,17031,1185,0
audio,0,865600,6387019,6386490,768,59.826,8448,17040,1186,0
video,9,869367,6386500,6386493,368640,59.826,8448,17052,1186,0
video,10,870276,6386465,6386494,276480,59.826,8448,17052,1187,0
audio,0,870406,6387035,6386494,768,59.826,8640,17052,1187,0
audio,0,873768,6387051,6386498,768,59.826,8832,17066,1188,0
audio,0,878418,6387067,6386502,768,59.826,9024,17084,1189,0
audio,0,882902,6387083,6386507,768,59.826,9216,17103,1190,0
video,10,886757,6386517,6386511,368640,59.826,9216,17115,1191,0
video,11,887651,6386482,6386512,276480,59.826,9216,17115,1191,0
audio,0,887791,6387099,6386512,768,59.826,9408,17115,1191,0
audio,0,890095,6387115,6386514,768,59.826,9600,17124,1192,0
audio,0,894684,6387131,6386519,768,59.826,9792,17143,1193,0
audio,0,898237,6387147,6386522,768,59.826,9984,17160,1194,0
video,11,903219,6386533,6386527,368640,59.826,9984,17173,1195,0
video,12,904145,6386498,6386528,276480,59.826,9984,17177,1195,0
audio,0,904302,6387163,6386528,768,59.826,10176,17177,1195,0
audio,0,906604,6387179,6386531,768,59.826,10368,17187,1196,0
audio,0,910024,6387195,6386534,768,59.826,10560,17201,1197,0
audio,0,913560,6387211,6386538,768,59.826,10752,17214,1198,0
video,12,918541,6386550,6386543,368640,59.826,10752,17228,1199,0
video,13,919499,6386515,6386544,276480,59.826,10752,17231,1199,0
audio,0,919630,6387227,6386544,768,59.826,10944,17231,1199,0
audio,0,923004,6387243,6386547,768,59.826,11136,17245,1200,0
audio,0,926556,6387259,6386551,768,59.826,11328,17259,1201,0
audio,0,930997,6387275,6386555,768,59.826,11520,17277,1202,0
audio,0,934435,6387291,6386558,768,59.826,11712,17288,1203,0
video,13,936107,6386567,6386560,368640,59.826,11712,17290,1203,0
video,14,937076,6386532,6386561,276480,59.826,11712,17294,1203,0
audio,0,938354,6387307,6386562,768,59.826,11904,17299,1204,0
audio,0,942842,6387323,6386567,768,59.826,12096,17317,1205,0
audio,0,946440,6387339,6386570,768,59.826,12288,17331,1206,0
audio,0,950867,6387355,6386575,768,59.826,12480,17348,1207,0
video,14,952494,6386584,6386577,368640,59.826,12480,17348,1207,0
video,15,953460,6386549,6386577,276480,59.826,12480,17352,1208,0
audio,0,953590,6387371,6386578,768,59.826,12672,17352,1208,0
audio,0,958145,6387387,6386582,768,59.826,12864,17371,1209,0
audio,0,961513,6387403,6386586,768,59.826,13056,17385,1210,0
audio,0,965920,6387419,6386590,768,59.826,13248,17403,1211,0
video,15,968716,6386600,6386593,368640,59.826,13248,17408,1211,0
video,16,969608,6386565,6386594,276480,59.826,13248,17411,1211,0
audio,0,970857,6387435,6386595,768,59.826,13440,17415,1212,0
audio,0,974354,6387451,6386598,768,59.826,13632,17429,1213,0
audio,0,978803,6387467,6386603,768,59.826,13824,17447,1214,0
audio,0,983448,6387483,6386607,768,59.826,14016,17466,1215,0
video,16,986203,6386617,6386610,368640,59.826,14016,17469,1216,0
video,17,987188,6386582,6386611,276480,59.826,14016,17473,1216,0
audio,0,987311,6387499,6386611,768,59.826,14208,17473,1216,0
audio,0,990679,6387515,6386615,768,59.826,14400,17487,1217,0
audio,0,994057,6387531,6386618,768,59.826,14592,17501,1218,0
audio,0,998605,6387547,6386623,768,59.826,14784,17519,1219,0
video,17,1002558,6386634,6386627,368640,59.826,14784,17528,1220,0
video,18,1003496,6386599,6386628,276480,59.826,14784,17531,1220,0
audio,0,1003625,6387563,6386628,768,59.826,14976,17531,1220,0
audio,0,1005905,6387579,6386630,768,59.826,15168,17540,1221,0
audio,0,1010695,6387595,6386635,768,59.826,15360,17558,1222,0
audio,0,1014086,6387611,6386638,768,59.826,15552,17572,1223,0
audio,0,1018665,6387627,6386643,768,59.826,15744,17588,1224,0
video,18,1020322,6386650,6386644,368640,59.826,15744,17593,1224,0
video,19,1021277,6386615,6386645,276480,59.826,15744,17598,1224,0
audio,0,1022538,6387643,6386647,768,59.826,15936,17602,1225,0
audio,0,1025909,6387659,6386650,768,59.826,16128,17613,1226,0
audio,0,1030549,6387675,6386655,768,59.826,16320,17631,1227,0
audio,0,1035122,6387691,6386659,768,59.826,16512,17648,1228,0
video,19,1037246,6386667,6386661,368640,59.826,16512,17653,1228,0
video,20,1038651,6386632,6386663,276480,59.826,16512,17657,1229,0
audio,0,1038839,6387707,6386663,768,59.826,16704,17660,1229,0
audio,0,1042220,6387723,6386666,768,59.826,16896,17671,1230,0
audio,0,1046734,6387739,6386671,768,59.826,17088,17690,1231,0
audio,0,1050036,6387755,6386674,768,59.826,17280,17703,1232,0
video,20,1052108,6386684,6386676,368640,59.826,17280,17708,1232,0
video,21,1052669,6386649,6386677,276480,59.826,17280,17710,1232,0
audio,0,1054923,6387771,6386679,768,59.826,17472,17719,1233,0
audio,0,1060348,6387787,6386684,768,59.826,17664,17737,1234,0
audio,0,1062513,6387803,6386687,768,59.826,17856,17745,1235,0
audio,0,1066825,6387819,6386691,768,59.826,18048,17763,1236,0
video,21,1069664,6386701,6386694,368640,59.826,18048,17770,1236,0
video,22,1069988,6386666,6386694,276480,59.826,18048,17770,1236,0
audio,0,1071099,6387835,6386695,768,59.826,18240,17775,1237,0
audio,0,1074386,6387851,6386698,768,59.826,18432,17788,1238,0
audio,0,1078677,6387867,6386703,768,59.826,18624,17805,1239,0
audio,0,1082951,6387883,6386707,768,59.826,18816,17823,1240,0
video,22,1085746,6386717,6386710,368640,59.826,18816,17828,1241,0
video,23,1086078,6386682,6386710,276480,59.826,18816,17830,1241,0
audio,0,1086131,6387899,6386710,768,59.826,19008,17830,1241,0
audio,0,1090582,6387915,6386715,768,59.826,19200,17847,1242,0
audio,0,1094999,6387931,6386719,768,59.826,19392,17864,1243,0
audio,0,1098322,6387947,6386722,768,59.826,19584,17879,1244,0
video,23,1103221,6386734,6386727,368640,59.826,19584,17890,1245,0
video,24,1103546,6386699,6386728,276480,59.826,19584,17890,1245,0
audio,0,1103592,6387963,6386728,768,59.826,19776,17890,1245,0
audio,0,1106844,6387979,6386731,768,59.826,19968,17903,1246,0
audio,0,1110086,6387995,6386734,768,59.826,20160,17916,1247,0
audio,0,1114582,6388011,6386739,768,59.826,20352,17,1248,0
video,24,1119661,6386751,6386744,368640,59.826,20352,33,1249,0
video,25,1120089,6386716,6386744,276480,59.826,20352,33,1249,0
audio,0,1120166,6388027,6386744,768,59.826,20544,33,1249,0
audio,0,1122402,6388043,6386746,768,59.826,20736,42,1250,0
audio,0,1126883,6388059,6386751,768,59.826,20928,59,1251,0
audio,0,1130306,6388075,6386754,768,59.826,21120,72,1252,0
audio,0,1134723,6388091,6386759,768,59.826,21312,90,1253,0
video,25,1137145,6386767,6386761,368640,59.826,21312,93,1253,0
video,26,1137908,6386732,6386762,276480,59.826,21312,97,1254,0
audio,0,1138027,6388107,6386762,768,59.826,21504,97,1254,0
audio,0,1142520,6388123,6386767,768,59.826,21696,116,1255,0
audio,0,1145973,6388139,6386770,768,59.826,21888,130,1256,0
audio,0,1150637,6388155,6386775,768,59.826,22080,148,1257,0
video,26,1153877,6386784,6386778,368640,59.826,22080,157,1257,0
video,27,1155092,6386749,6386779,276480,59.826,22080,161,1258,0
audio,0,1155262,6388171,6386779,768,59.826,22272,161,1258,0
audio,0,1158636,6388187,6386783,768,59.826,22464,175,1259,0
audio,0,1164469,6388203,6386788,768,59.826,22656,199,1260,0
audio,0,1165716,6388219,6386790,768,59.826,22848,203,1261,0
video,27,1170085,6386801,6386794,368640,59.826,22848,211,1262,0
video,28,1171300,6386766,6386795,276480,59.826,22848,216,1262,0
audio,0,1171498,6388235,6386796,768,59.826,23040,218,1262,0
audio,0,1174917,6388251,6386799,768,59.826,23232,230,1263,0
audio,0,1178510,6388267,6386803,768,59.826,23424,245,1264,0
audio,0,1183114,6388283,6386807,768,59.826,23616,263,1265,0
video,28,1187425,6386817,6386811,368640,59.826,23616,276,1266,0
video,29,1188686,6386783,6386813,276480,59.826,23616,281,1266,0
audio,0,1188892,6388299,6386813,768,59.826,23808,281,1266,0
audio,0,1190088,6388315,6386814,768,59.826,24000,286,1267,0
audio,0,1194778,6388331,6386819,768,59.826,24192,304,1268,0
audio,0,1198235,6388347,6386822,768,59.826,24384,319,1269,0
video,29,1203831,6386834,6386828,368640,59.826,24384,336,1270,0
video,30,1205372,6386799,6386829,276480,59.826,24384,341,1270,0
audio,0,1205627,6388363,6386830,768,59.826,24576,341,1270,0
audio,0,1206826,6388379,6386831,768,59.826,24768,346,1271,0
audio,0,1210332,6388395,6386834,768,59.826,24960,359,1272,0
audio,0,1214885,6388411,6386839,768,59.826,25152,378,1273,0
audio,0,1218371,6388427,6386842,768,59.826,25344,391,1274,0
video,30,1220623,6386851,6386845,368640,59.826,25344,395,1274,0
video,31,1221929,6386816,6386846,276480,59.826,25344,399,1274,0
audio,0,1223286,6388443,6386847,768,59.826,25536,404,1275,0
audio,0,1227959,6388459,6386852,768,59.826,25728,423,1276,0
audio,0,1230319,6388475,6386854,768,59.826,25920,432,1277,0
audio,0,1234950,6388491,6386859,768,59.826,26112,451,1278,0
video,31,1237257,6386868,6386861,368640,59.826,26112,454,1278,0
video,32,1238613,6386833,6386863,276480,59.826,26112,459,1279,0
audio,0,1238778,6388507,6386863,768,59.826,26304,459,1279,0
audio,0,1243520,6388523,6386868,768,59.826,26496,478,1280,0
audio,0,1247045,6388539,6386871,768,59.826,26688,492,1281,0
audio,0,1250563,6388555,6386875,768,59.826,26880,506,1282,0
video,32,1253903,6386884,6386878,368640,59.826,26880,514,1282,0
video,33,1255276,6386849,6386879,276480,59.826,26880,520,1283,0
audio,0,1255452,6388571,6386879,768,59.826,27072,520,1283,0
audio,0,1258908,6388587,6386883,768,59.826,27264,534,1284,0
audio,0,1263611,6388603,6386888,768,59.826,27456,552,1285,0
audio,0,1266038,6388619,6386890,768,59.826,27648,561,1286,0
video,33,1270668,6386901,6386895,368640,59.826,27648,574,1287,0
video,34,1271968,6386866,6386896,276480,59.826,27648,579,1287,0
audio,0,1272138,6388635,6386896,768,59.826,27840,579,1287,0
audio,0,1275609,6388651,6386900,768,59.826,28032,593,1288,0
audio,0,1279118,6388667,6386903,768,59.826,28224,607,1289,0
audio,0,1282640,6388683,6386907,768,59.826,28416,622,1290,0
video,34,1287244,6386918,6386911,368640,59.826,28416,635,1291,0
video,35,1288722,6386883,6386913,276480,59.826,28416,639,1291,0
audio,0,1288896,6388699,6386913,768,59.826,28608,639,1291,0
audio,0,1291250,6388715,6386915,768,59.826,28800,649,1292,0
audio,0,1294732,6388731,6386919,768,59.826,28992,662,1293,0
audio,0,1299347,6388747,6386923,768,59.826,29184,681,1294,0
video,35,1305157,6386934,6386929,368640,59.826,29184,698,1295,0
video,36,1307002,6386900,6386931,276480,59.826,29184,707,1296,0
audio,0,1307263,6388763,6386931,768,59.826,29376,707,1296,0
audio,0,1307400,6388779,6386931,768,59.826,29568,707,1296,0
audio,0,1310901,6388795,6386935,768,59.826,29760,722,1297,0
audio,0,1315541,6388811,6386940,768,59.826,29952,741,1298,0
audio,0,1317876,6388827,6386942,768,59.826,30144,750,1299,0
video,36,1321091,6386951,6386945,368640,59.826,30144,753,1299,0
video,37,1322767,6386916,6386947,276480,59.826,30144,762,1300,0
audio,0,1322994,6388843,6386947,768,59.826,30336,762,1300,0
audio,0,1326545,6388859,6386951,768,59.826,30528,777,1301,0
audio,0,1331170,6388875,6386955,768,59.826,30720,795,1302,0
audio,0,1335726,6388891,6386960,768,59.826,30912,811,1303,0
video,37,1337781,6386968,6386962,368640,59.826,30912,817,1303,0
video,38,1339436,6386933,6386963,276480,59.826,30912,822,1304,0
audio,0,1339689,6388907,6386964,768,59.826,31104,822,1304,0
audio,0,1343216,6388923,6386967,768,59.826,31296,836,1305,0
audio,0,1346721,6388939,6386971,768,59.826,31488,850,1306,0
audio,0,1351366,6388955,6386975,768,59.826,31680,870,1307,0
video,38,1354794,6386985,6386979,368640,59.826,31680,878,1308,0
video,39,1356650,6386950,6386981,276480,59.826,31680,883,1308,0
audio,0,1356934,6388971,6386981,768,59.826,31872,883,1308,0
audio,0,1359338,6388987,6386983,768,59.826,32064,892,1309,0
audio,0,1362888,6389003,6386987,768,59.826,32256,906,1310,0
audio,0,1366432,6389019,6386990,768,59.826,32448,920,1311,0
video,39,1372123,6387001,6386996,368640,59.826,32448,937,1312,0
video,40,1373612,6386966,6386998,276480,59.826,32448,946,1312,0
audio,0,1373808,6389035,6386998,768,59.826,32640,946,1312,0
audio,0,1375081,6389051,6386999,768,59.826,32832,951,1313,0
audio,0,1379694,6389067,6387004,768,59.826,33024,970,1314,0
audio,0,1383196,6389083,6387007,768,59.826,33216,981,1315,0
video,40,1388088,6387018,6387012,368640,59.826,33216,997,1316,0
video,41,1389543,6386983,6387014,276480,59.826,33216,1002,1316,0
audio,0,1389787,6389099,6387014,768,59.826,33408,1002,1316,0
audio,0,1389898,6389115,6387014,768,59.826,33600,1002,1317,0
audio,0,1395674,6389131,6387020,768,59.826,33792,1025,1318,0
audio,0,1398003,6389147,6387022,768,59.826,33984,1034,1319,0
audio,0,1402657,6389163,6387027,768,59.826,34176,1051,1320,0
video,41,1404971,6387035,6387029,368640,59.826,34176,1056,1320,0
video,42,1406407,6387000,6387030,276480,59.826,34176,1061,1321,0
audio,0,1406647,6389179,6387031,768,59.826,34368,1061,1321,0
audio,0,1411252,6389195,6387035,768,59.826,34560,1080,1322,0
audio,0,1414814,6389211,6387039,768,59.826,34752,1094,1323,0
audio,0,1419498,6389227,6387044,768,59.826,34944,1111,1324,0
video,42,1421603,6387051,6387046,368640,59.826,34944,1116,1324,0
video,43,1422914,6387017,6387047,276480,59.826,34944,1121,1325,0
audio,0,1423128,6389243,6387047,768,59.826,35136,1121,1325,0
audio,0,1426615,6389259,6387051,768,59.826,35328,1135,1326,0
audio,0,1431208,6389275,6387055,768,59.826,35520,1154,1327,0
audio,0,1434779,6389291,6387059,768,59.826,35712,1168,1328,0
video,43,1438098,6387068,6387062,368640,59.826,35712,1176,1328,0
video,44,1439510,6387033,6387064,276480,59.826,35712,1181,1329,0
audio,0,1439832,6389307,6387064,768,59.826,35904,1181,1329,0
audio,0,1442216,6389323,6387066,768,59.826,36096,1191,1330,0
audio,0,1446830,6389339,6387071,768,59.826,36288,1210,1331,0
audio,0,1451554,6389355,6387076,768,59.826,36480,1229,1332,0
video,44,1454805,6387085,6387079,368640,59.826,36480,1237,1333,0
video,45,1456015,6387050,6387080,276480,59.826,36480,1242,1333,0
audio,0,1456235,6389371,6387080,768,59.826,36672,1242,1333,0
audio,0,1459725,6389387,6387084,768,59.826,36864,1256,1334,0
audio,0,1463180,6389403,6387087,768,59.826,37056,1267,1335,0
audio,0,1466726,6389419,6387091,768,59.826,37248,1280,1336,0
audio,0,1470254,6389435,6387094,768,59.826,37440,1291,1337,0
video,45,1472470,6387102,6387096,368640,59.826,37440,1297,1337,0
video,46,1473865,6387067,6387098,276480,59.826,37440,1304,1337,0
audio,0,1475287,6389451,6387099,768,59.826,37632,1311,1338,0
audio,0,1479927,6389467,6387104,768,59.826,37824,1326,1339,0
audio,0,1483534,6389483,6387108,768,59.826,38016,1340,1340,0
video,46,1489075,6387118,6387113,368640,59.826,38016,1358,1341,0
video,47,1490417,6387083,6387114,276480,59.826,38016,1363,1342,0
audio,0,1490673,6389499,6387115,768,59.826,38208,1363,1342,0
audio,0,1490831,6389515,6387115,768,59.826,38400,1367,1342,0
audio,0,1495461,6389531,6387119,768,59.826,38592,1382,1343,0
audio,0,1499046,6389547,6387123,768,59.826,38784,1396,1344,0
video,47,1505892,6387135,6387130,368640,59.826,38784,1418,1345,0
video,48,1507318,6387100,6387131,276480,59.826,38784,1423,1346,0
audio,0,1507616,6389563,6387132,768,59.826,38976,1423,1346,0
audio,0,1507730,6389579,6387132,768,59.826,39168,1428,1346,0
audio,0,1511292,6389595,6387135,768,59.826,39360,1438,1347,0
audio,0,1516000,6389611,6387140,768,59.826,39552,1457,1348,0
audio,0,1518420,6389627,6387142,768,59.826,39744,1466,1349,0
video,48,1521706,6387152,6387146,368640,59.826,39744,1474,1349,0
video,49,1523160,6387117,6387147,276480,59.826,39744,1479,1350,0
audio,0,1523425,6389643,6387147,768,59.826,39936,1484,1350,0
audio,0,1528021,6389659,6387152,768,59.826,40128,1500,1351,0
audio,0,1531617,6389675,6387156,768,59.826,40320,1513,1352,0
audio,0,1535206,6389691,6387159,768,59.826,40512,1526,1353,0
video,49,1538456,6387168,6387162,368640,59.826,40512,1534,1353,0
video,50,1539706,6387134,6387164,276480,59.826,40512,1539,1354,0
audio,0,1539917,6389707,6387164,768,59.826,40704,1539,1354,0
audio,0,1542365,6389723,6387166,768,59.826,40896,1551,1355,0
audio,0,1547005,6389739,6387171,768,59.826,41088,1568,1356,0
audio,0,1551632,6389755,6387176,768,59.826,41280,1587,1357,0
video,50,1554859,6387185,6387179,368640,59.826,41280,1595,1358,0
video,51,1556121,6387150,6387180,276480,59.826,41280,1600,1358,0
audio,0,1556307,6389771,6387180,768,59.826,41472,1600,1358,0
audio,0,1559708,6389787,6387184,768,59.826,41664,1614,1359,0
audio,0,1563201,6389803,6387187,768,59.826,41856,1628,1360,0
audio,0,1566761,6389819,6387191,768,59.826,42048,1642,1361,0
video,51,1571157,6387202,6387195,368640,59.826,42048,1651,1362,0
video,52,1572744,6387167,6387197,276480,59.826,42048,1660,1362,0
audio,0,1573000,6389835,6387197,768,59.826,42240,1660,1362,0
audio,0,1575343,6389851,6387199,768,59.826,42432,1669,1363,0
audio,0,1579918,6389867,6387204,768,59.826,42624,1689,1364,0
audio,0,1583501,6389883,6387208,768,59.826,42816,1702,1365,0
video,52,1588020,6387219,6387212,368640,59.826,42816,1715,1366,0
video,53,1589912,6387184,6387214,276480,59.826,42816,1720,1366,0
audio,0,1590210,6389899,6387214,768,59.826,43008,1720,1366,0
audio,0,1590360,6389915,6387214,768,59.826,43200,1723,1367,0
audio,0,1594915,6389931,6387219,768,59.826,43392,1739,1368,0
audio,0,1599602,6389947,6387224,768,59.826,43584,1757,1369,0
audio,0,1603065,6389963,6387227,768,59.826,43776,1771,1370,0
video,53,1606301,6387235,6387230,368640,59.826,43776,1779,1370,0
video,54,1607947,6387200,6387232,276480,59.826,43776,1785,1371,0
audio,0,1608168,6389979,6387232,768,59.826,43968,1788,1371,0
audio,0,1610700,6389995,6387235,768,59.826,44160,1797,1372,0
audio,0,1615348,6390011,6387239,768,59.826,44352,1816,1373,0
audio,0,1618878,6390027,6387243,768,59.826,44544,1830,1374,0
video,54,1622384,6387252,6387246,368640,59.826,44544,1838,1374,0
video,55,1623824,6387217,6387248,276480,59.826,44544,1842,1375,0
audio,0,1623991,6390043,6387248,768,59.826,44736,1842,1375,0
audio,0,1627578,6390059,6387252,768,59.826,44928,1856,1376,0
audio,0,1631048,6390075,6387255,768,59.826,45120,1871,1377,0
audio,0,1635658,6390091,6387260,768,59.826,45312,1890,1378,0
video,55,1639002,6387269,6387263,368640,59.826,45312,1898,1379,0
video,56,1640341,6387234,6387264,276480,59.826,45312,1903,1379,0
audio,0,1640556,6390107,6387265,768,59.826,45504,1903,1379,0
audio,0,1642838,6390123,6387267,768,59.826,45696,1913,1380,0
audio,0,1647444,6390139,6387271,768,59.826,45888,1927,1381,0
audio,0,1650932,6390155,6387275,768,59.826,46080,1942,1382,0
video,56,1655376,6387285,6387279,368640,59.826,46080,1954,1383,0
video,57,1656695,6387251,6387281,276480,59.826,46080,1959,1383,0
audio,0,1656906,6390171,6387281,768,59.826,46272,1962,1383,0
audio,0,1659310,6390187,6387283,768,59.826,46464,1968,1384,0
audio,0,1662815,6390203,6387287,768,59.826,46656,1982,1385,0
audio,0,1667358,6390219,6387291,768,59.826,46848,2001,1386,0
video,57,1672986,6387302,6387297,368640,59.826,46848,2019,1387,0
video,58,1674661,6387267,6387299,276480,59.826,46848,2024,1388,0
audio,0,1674875,6390235,6387299,768,59.826,47040,2024,1388,0
audio,0,1674970,6390251,6387299,768,59.826,47232,2028,1388,0
audio,0,1679655,6390267,6387304,768,59.826,47424,2043,1389,0
audio,0,1683130,6390283,6387307,768,59.826,47616,2057,1390,0
audio,0,1686642,6390299,6387311,768,59.826,47808,2071,1391,0
video,58,1688741,6387319,6387313,368640,59.826,47808,2076,1391,0
video,59,1690012,6387284,6387314,276480,59.826,47808,2081,1391,0
audio,0,1691354,6390315,6387315,768,59.826,48000,2085,1392,0
audio,0,1694958,6390331,6387319,768,59.826,48192,2099,1393,0
audio,0,1699539,6390347,6387324,768,59.826,48384,2119,1394,0
audio,0,1702996,6390363,6387327,768,59.826,48576,2131,1395,0
video,59,1705258,6387336,6387329,368640,59.826,48576,2136,1395,0
video,60,1706729,6387301,6387331,276480,59.826,48576,2141,1395,0
audio,0,1708039,6390379,6387332,768,59.826,48768,2146,1396,0
audio,0,1711542,6390395,6387336,768,59.826,48960,2160,1397,0
audio,0,1715144,6390411,6387339,768,59.826,49152,2174,1398,0
audio,0,1719679,6390427,6387344,768,59.826,49344,2189,1399,0
video,60,1723164,6387352,6387347,368640,59.826,49344,2200,1400,0
video,61,1724469,6387317,6387348,276480,59.826,49344,2204,1400,0
audio,0,1724689,6390443,6387349,768,59.826,49536,2204,1400,0
video,61,1754646,6387386,6387379,368640,59.826,49536,2306,1407,0
video,61,1771463,6387402,6387395,368640,59.826,49536,2367,1411,0
video,61,1788511,6387419,6387413,368640,59.826,49536,2428,1415,0
video,61,1804497,6387436,6387429,368640,59.826,49536,2486,1419,0
video,61,1822993,6387453,6387447,368640,59.826,49536,2552,1423,0
video,61,1837998,6387469,6387462,368640,59.826,49536,2606,1427,0
video,61,1855228,6387486,6387479,368640,59.826,49536,2669,1432,0
video,61,1872521,6387503,6387497,368640,59.826,49536,2731,1436,0
video,61,1888779,6387519,6387513,368640,59.826,49536,2788,1440,0
video,61,1904302,6387536,6387528,368640,59.826,49536,2846,1444,0
video,61,1921608,6387553,6387546,368640,59.826,49536,2906,1448,0
video,61,1937831,6387569,6387562,368640,59.826,49536,2966,1452,0
video,61,1955656,6387586,6387580,368640,59.826,49536,3029,1457,0
video,61,1974537,6387603,6387599,368640,59.826,49536,3097,1461,0
video,61,1990857,6387620,6387615,368640,59.826,49536,3156,1466,0
video,61,2006883,6387636,6387631,368640,59.826,49536,3211,1469,0
video,61,2022925,6387653,6387647,368640,59.826,49536,3270,1473,0
video,61,2039900,6387670,6387664,368640,59.826,49536,3331,1478,0
video,61,2055657,6387686,6387680,368640,59.826,49536,3386,1482,0
video,61,2073776,6387703,6387698,368640,59.826,49536,3453,1486,0
video,61,2089595,6387720,6387714,368640,59.826,49536,3507,1490,0
video,61,2106569,6387737,6387731,368640,59.826,49536,3571,1494,0
video,61,2123250,6387753,6387747,368640,59.826,49536,3630,1498,0
video,61,2140092,6387770,6387764,368640,59.826,49536,3690,1503,0
video,61,2156954,6387787,6387781,368640,59.826,49536,3750,1507,0
video,61,2173883,6387803,6387798,368640,59.826,49536,3811,1511,0
video,61,2189657,6387820,6387814,368640,59.826,49536,3866,1515,0
video,61,2206660,6387837,6387831,368640,59.826,49536,3930,1519,0
video,61,2223624,6387854,6387848,368640,59.826,49536,3989,1524,0
